﻿<?xml version="1.0" encoding="UTF-8" standalone="yes"?>
<addon id="ggtv.repo" name="GUSTAVOEGATOTV Repo" version="1.0.0" provider-name="Mafarricos">
	<extension point="xbmc.addon.repository" name="GUSTAVOEGATOTV Repo">
		<info compressed="false">http://raw.github.com/GUSTAVOEGATOTV/GUSTAVOEGATOTV-Repo/master/repo2/addons.xml</info>
		<checksum>http://raw.github.com/GUSTAVOEGATOTV/GUSTAVOEGATOTV-Repo/master/repo2/addons.xml.md5</checksum>
		<datadir zip="true">http://raw.github.com/GUSTAVOEGATOTV/GUSTAVOEGATOTV-Repo/master/repo2/repo</datadir>
	</extension>
	<extension point="xbmc.addon.metadata">
		<summary>GUSTAVOEGATOTV Repo</summary>
		<description>O Melhor Repositório do Brasil!</description>
		<disclaimer></disclaimer>
		<platform>all</platform>
	</extension>
</addon>
