﻿<?xml version="1.0" encoding="UTF-8" standalone="yes"?>
<addon id="ggtv.repo" name="[B][COLOR white]GUSTAVOEGATOTV Repo[/COLOR][/B]" version="1.0.0" provider-name="GUSTAVOEGATO">
<requires>
<import addon="xbmc.python" version="2.1.0"/>
<import addon="script.module.beautifulsoup"/>
<import addon="script.module.simple.downloader"/>
<import addon="script.module.t0mm0.common"/>
<import addon="script.module.beautifulsoup4"/>
<import addon="script.module.requests"/>
<import addon="script.module.httplib2"/>
<import addon="script.module.simple.downloader"/>
<import addon="script.module.urlresolver"/>
<import addon="script.module.simplejson"/>    
<import addon="script.module.livestreamer"/>
<import addon="script.module.pyamf"/>
<import addon="script.common.plugin.cache"/>
<import addon="script.module.metahandler"/>
<import addon="script.module.addon.common"/>
<import addon="script.module.addon.signals"/>
</requires>
	<extension point="xbmc.addon.repository" name="GUSTAVOEGATOTV Repo">
		<info compressed="false">http://raw.github.com/GUSTAVOEGATOTV/GUSTAVOEGATOTV-Repo/master/repo2/addons.xml</info>
		<checksum>http://raw.github.com/GUSTAVOEGATOTV/GUSTAVOEGATOTV-Repo/master/repo2/addons.xml.md5</checksum>
		<datadir zip="true">http://raw.github.com/GUSTAVOEGATOTV/GUSTAVOEGATOTV-Repo/master/repo2/repo</datadir>
	</extension>
	<extension point="xbmc.addon.metadata">
		<summary>GUSTAVOEGATOTV Repo</summary>
		<description>O Melhor Repositório do Brasil!</description>
		<disclaimer></disclaimer>
		<platform>all</platform>
<assets>
<icon>icon.png</icon>
<fanart>fanart.jpg</fanart>
<screenshot>resources/1.jpg</screenshot>
<screenshot>resources/2.jpg</screenshot>
<screenshot>resources/3.jpg</screenshot>
</assets>
	</extension>
</addon>
