﻿<?xml version="1.0" encoding="UTF-8" standalone="yes"?>
<addon id="ggtv.repo" name="GUSTAVOEGATOTV Repo" version="1.0.0" provider-name="nome do criador">
	<extension point="xbmc.addon.repository" name="GUSTAVOEGATOTV Repo">
		<info compressed="false">http://raw.github.com/GUSTAVOEGATOTV/GUSTAVOEGATOTV-Repo/master/addons.xml</info>
		<checksum>http://raw.github.com/GUSTAVOEGATOTV/GUSTAVOEGATOTV-Repo/master/addons.xml.md5</checksum>
		<datadir zip="true">http://raw.github.com/GUSTAVOEGATOTV/GUSTAVOEGATOTV-Repo/master/zip/</datadir>
	</extension>
	<extension point="xbmc.addon.metadata">
		<summary>GUSTAVOEGATOTV Repo</summary>
		<description>Repositório do GUSTAVOEGATOTV</description>
		<disclaimer>A Piaba Vai!</disclaimer>
		<platform>all</platform>
<assets>
<icon>icon.png</icon>
<fanart>fanart.jpg</fanart>
<screenshot>resources/1.jpg</screenshot>
<screenshot>resources/2.jpg</screenshot>
<screenshot>resources/3.jpg</screenshot>
</assets>
	</extension>
<extension point="xbmc.addon.repository" name="GUSTAVOEGATOTV Repo">
<info compressed="false">https://raw.github.com/skyrisk/brazucaplay/master/addons/repo/addons.xml</info>
<checksum>https://raw.github.com/skyrisk/brazucaplay/master/addons/repo/addons.xml.md5</checksum>
<datadir zip="true">https://raw.github.com/skyrisk/brazucaplay/master/addons/repo/Plugins/</datadir>
</extension>
</addon>
